{
    "value": [
        {
            "id": null,
            "name": "dotnet",
            "type": "Microsoft.Web/availableStacks?osTypeSelected=WindowsFunctions",
            "properties": {
                "name": "dotnet",
                "display": ".NET Core",
                "dependency": null,
                "majorVersions": [
                    {
                        "displayVersion": "3.1",
                        "runtimeVersion": "3.1",
                        "supportedFunctionsExtensionVersions": [
                            "~3"
                        ],
                        "isDefault": true,
                        "minorVersions": [],
                        "applicationInsights": true,
                        "appSettingsDictionary": {
                            "FUNCTIONS_WORKER_RUNTIME": "dotnet"
                        },
                        "siteConfigPropertiesDictionary": {
                            "use32BitWorkerProcess": true
                        },
                        "isPreview": false,
                        "isDeprecated": false,
                        "isHidden": false
                    },
                    {
                        "displayVersion": "2.2",
                        "runtimeVersion": "2.2",
                        "supportedFunctionsExtensionVersions": [
                            "~2"
                        ],
                        "isDefault": true,
                        "minorVersions": [],
                        "applicationInsights": true,
                        "appSettingsDictionary": {
                            "FUNCTIONS_WORKER_RUNTIME": "dotnet"
                        },
                        "siteConfigPropertiesDictionary": {
                            "use32BitWorkerProcess": true
                        },
                        "isPreview": false,
                        "isDeprecated": false,
                        "isHidden": false
                    }
                ],
                "frameworks": [],
                "isDeprecated": null
            }
        },
        {
            "id": null,
            "name": "node",
            "type": "Microsoft.Web/availableStacks?osTypeSelected=WindowsFunctions",
            "properties": {
                "name": "node",
                "display": "Node.js",
                "dependency": null,
                "majorVersions": [
                    {
                        "displayVersion": "14",
                        "runtimeVersion": "~14",
                        "supportedFunctionsExtensionVersions": [
                            "~3"
                        ],
                        "isDefault": true,
                        "minorVersions": [],
                        "applicationInsights": true,
                        "appSettingsDictionary": {
                            "FUNCTIONS_WORKER_RUNTIME": "node",
                            "WEBSITE_NODE_DEFAULT_VERSION": "~14"
                        },
                        "siteConfigPropertiesDictionary": {
                            "use32BitWorkerProcess": true
                        },
                        "isPreview": true,
                        "isDeprecated": false,
                        "isHidden": true
                    },
                    {
                        "displayVersion": "12",
                        "runtimeVersion": "~12",
                        "supportedFunctionsExtensionVersions": [
                            "~3"
                        ],
                        "isDefault": true,
                        "minorVersions": [],
                        "applicationInsights": true,
                        "appSettingsDictionary": {
                            "FUNCTIONS_WORKER_RUNTIME": "node",
                            "WEBSITE_NODE_DEFAULT_VERSION": "~12"
                        },
                        "siteConfigPropertiesDictionary": {
                            "use32BitWorkerProcess": true
                        },
                        "isPreview": false,
                        "isDeprecated": false,
                        "isHidden": false
                    },
                    {
                        "displayVersion": "10",
                        "runtimeVersion": "~10",
                        "supportedFunctionsExtensionVersions": [
                            "~2",
                            "~3"
                        ],
                        "isDefault": true,
                        "minorVersions": [],
                        "applicationInsights": true,
                        "appSettingsDictionary": {
                            "FUNCTIONS_WORKER_RUNTIME": "node",
                            "WEBSITE_NODE_DEFAULT_VERSION": "~10"
                        },
                        "siteConfigPropertiesDictionary": {
                            "use32BitWorkerProcess": true
                        },
                        "isPreview": false,
                        "isDeprecated": false,
                        "isHidden": false
                    },
                    {
                        "displayVersion": "8",
                        "runtimeVersion": "~8",
                        "supportedFunctionsExtensionVersions": [
                            "~2"
                        ],
                        "isDefault": false,
                        "minorVersions": [],
                        "applicationInsights": true,
                        "appSettingsDictionary": {
                            "FUNCTIONS_WORKER_RUNTIME": "node",
                            "WEBSITE_NODE_DEFAULT_VERSION": "~8"
                        },
                        "siteConfigPropertiesDictionary": {
                            "use32BitWorkerProcess": true
                        },
                        "isPreview": false,
                        "isDeprecated": false,
                        "isHidden": false
                    }
                ],
                "frameworks": [],
                "isDeprecated": null
            }
        },
        {
            "id": null,
            "name": "java",
            "type": "Microsoft.Web/availableStacks?osTypeSelected=WindowsFunctions",
            "properties": {
                "name": "java",
                "display": "Java",
                "dependency": null,
                "majorVersions": [
                    {
                        "displayVersion": "8",
                        "runtimeVersion": "1.8",
                        "supportedFunctionsExtensionVersions": [
                            "~2",
                            "~3"
                        ],
                        "isDefault": true,
                        "minorVersions": [],
                        "applicationInsights": true,
                        "appSettingsDictionary": {
                            "FUNCTIONS_WORKER_RUNTIME": "java"
                        },
                        "siteConfigPropertiesDictionary": {
                            "javaVersion": "1.8",
                            "use32BitWorkerProcess": true
                        },
                        "isPreview": false,
                        "isDeprecated": false,
                        "isHidden": false
                    },
                    {
                        "displayVersion": "11",
                        "runtimeVersion": "11",
                        "supportedFunctionsExtensionVersions": [
                            "~3"
                        ],
                        "isDefault": false,
                        "minorVersions": [],
                        "applicationInsights": true,
                        "appSettingsDictionary": {
                            "FUNCTIONS_WORKER_RUNTIME": "java"
                        },
                        "siteConfigPropertiesDictionary": {
                            "javaVersion": "11",
                            "use32BitWorkerProcess": true
                        },
                        "isPreview": false,
                        "isDeprecated": false,
                        "isHidden": false
                    }
                ],
                "frameworks": [],
                "isDeprecated": null
            }
        },
        {
            "id": null,
            "name": "powershell",
            "type": "Microsoft.Web/availableStacks?osTypeSelected=WindowsFunctions",
            "properties": {
                "name": "powershell",
                "display": "PowerShell Core",
                "dependency": null,
                "majorVersions": [
                    {
                        "displayVersion": "6.2",
                        "runtimeVersion": "~6",
                        "supportedFunctionsExtensionVersions": [
                            "~2",
                            "~3"
                        ],
                        "isDefault": true,
                        "minorVersions": [],
                        "applicationInsights": true,
                        "appSettingsDictionary": {
                            "FUNCTIONS_WORKER_RUNTIME": "powershell"
                        },
                        "siteConfigPropertiesDictionary": {
                            "powerShellVersion": "~6",
                            "use32BitWorkerProcess": true
                        },
                        "isPreview": false,
                        "isDeprecated": true,
                        "isHidden": false
                    },
                    {
                        "displayVersion": "7.0",
                        "runtimeVersion": "~7",
                        "supportedFunctionsExtensionVersions": [
                            "~3"
                        ],
                        "isDefault": true,
                        "minorVersions": [],
                        "applicationInsights": true,
                        "appSettingsDictionary": {
                            "FUNCTIONS_WORKER_RUNTIME": "powershell"
                        },
                        "siteConfigPropertiesDictionary": {
                            "powerShellVersion": "~7",
                            "use32BitWorkerProcess": true
                        },
                        "isPreview": false,
                        "isDeprecated": false,
                        "isHidden": false
                    }
                ],
                "frameworks": [],
                "isDeprecated": null
            }
        }
    ],
    "nextLink": null,
    "id": null
}